Date,Open,High,Low,Close,Volume,AdjClose
2008-04-01,50.2500,60.4500,50.1600,53.2500,242600,37.6669
2008-05-01,52.6500,55.2400,52.1000,53.7100,1185200,37.9923
2008-06-01,53.6900,53.7700,48.9000,49.4200,409000,34.9577
2008-07-01,48.8100,50.7000,46.1500,47.8600,3255200,33.8543
2008-08-01,47.8000,48.1200,45.9100,47.0600,500000,33.2884
2008-09-01,46.9600,49.5500,39.4500,41.2900,4037400,29.2069
2008-10-01,41.2100,41.6500,26.6400,33.6900,2500800,23.8310
2008-11-01,33.3600,35.4000,26.2000,30.7400,5786200,21.7442
2008-12-01,30.3300,33.1000,28.0000,32.4200,9096800,22.9326
2009-01-01,32.4500,33.6300,27.7000,28.7300,9414900,20.3224
2009-02-01,28.4500,30.6900,25.8000,25.9400,2729600,18.3489
2009-03-01,25.4000,29.8400,23.6700,28.3300,3206600,20.0395
2009-04-01,28.1800,32.4200,28.0300,31.9500,4913300,22.6001
2009-05-01,31.9300,35.3000,31.8000,35.3000,4640800,24.9698
2009-06-01,36.0700,36.6600,33.1600,34.4900,8676400,24.5908
2009-07-01,34.9000,37.9800,32.6500,37.7400,4269200,26.9080
2009-08-01,38.4300,39.6600,37.0000,38.8600,3380900,27.7066
2009-09-01,38.8400,42.1500,37.6800,40.7500,5878100,29.0541
2009-10-01,40.6500,42.7000,38.9900,39.6500,5366600,28.2698
2009-11-01,40.0500,43.2000,39.5600,41.7900,3859800,29.7956
2009-12-01,42.3600,43.2500,41.4400,42.2900,7450400,30.3540
2010-01-01,43.1100,43.8800,39.9500,40.0500,4429100,28.7462
2010-02-01,40.4100,41.4600,38.6900,40.9200,3098300,29.3707
2010-03-01,41.1700,43.8100,41.0900,43.5100,8735900,31.2296
2010-04-01,44.1100,45.3100,43.0800,43.4100,6345200,31.1579
2010-05-01,43.7800,44.0000,37.3400,39.3400,7668000,28.2366
2010-06-01,39.1800,41.5200,37.5700,37.6000,11154000,27.2319
2010-07-01,37.6400,41.5900,37.1100,41.1100,7402700,29.7740
2010-08-01,41.8000,42.3200,38.7500,39.3500,4917900,28.4993
2010-09-01,40.1000,43.7300,40.0500,43.2100,4880700,31.2949
2010-10-01,43.5500,45.4700,42.9400,44.8300,5329700,32.4682
2010-11-01,45.0800,46.7400,43.5200,43.8500,7269200,31.7585
2010-12-01,44.5800,46.8400,44.5800,46.8100,11976200,34.2331
2011-01-01,47.1600,48.0400,46.1400,47.3100,11769400,34.5988
2011-02-01,47.6500,49.2700,47.4300,48.7800,8713100,35.6738
2011-03-01,49.0300,49.1500,44.9000,48.3600,11224300,35.3667
2011-04-01,48.4800,50.7700,47.3300,50.6900,9285200,37.0707
2011-05-01,50.9800,50.9900,47.5900,49.7000,7117700,36.3467
2011-06-01,49.5400,49.5400,45.8000,48.2500,9752300,35.7066
2011-07-01,48.2600,49.1800,46.6400,47.1500,11506400,34.8925
2011-08-01,47.7600,47.8000,40.1100,43.6800,22079100,32.3246
2011-09-01,43.7800,44.0200,38.3700,39.1200,14138800,28.9501
2011-10-01,38.7300,45.6700,37.0900,43.5500,16324200,32.2284
2011-11-01,41.9900,44.3700,39.4100,43.0500,11689900,31.8584
2011-12-01,42.9500,43.7000,40.7100,42.1700,18309900,31.5556
2012-01-01,42.9500,45.1600,42.3300,44.4800,11824800,33.2842
2012-02-01,44.9700,47.1700,44.9500,46.6800,17765900,34.9305
2012-03-01,46.8400,47.8100,45.2300,47.2000,17075900,35.3196
2012-04-01,47.0800,47.8200,45.0700,46.6600,10892000,34.9155
2012-05-01,46.5400,47.1500,41.8800,42.3300,16438700,31.6754
2012-06-01,41.6300,44.5400,41.0600,43.8700,17070000,33.2821
2012-07-01,44.0100,44.7300,42.3600,44.2300,14695100,33.5552
2012-08-01,44.4900,46.3900,43.4400,45.4600,11214200,34.4883
2012-09-01,45.4800,48.4100,45.1400,46.6900,13094200,35.4214
2012-10-01,47.1000,48.0000,46.1900,46.4500,14310100,35.2394
2012-11-01,46.7000,47.2900,44.6800,47.1900,12896600,35.8008
2012-12-01,47.3900,48.3300,47.0600,48.0800,26305700,36.8405
2013-01-01,48.9200,50.2400,48.4300,49.8900,20383500,38.2274
2013-02-01,50.2600,50.5600,48.9700,49.8400,17324600,38.1890
2013-03-01,49.6100,51.1100,49.4100,50.7500,14817400,38.8863
2013-04-01,50.6700,52.2700,49.7700,52.1900,17340900,39.9897
2013-05-01,52.1700,54.5300,51.7100,51.9900,19524800,39.8364
2013-06-01,52.0700,52.4300,48.8000,50.0000,33914200,38.8000
2013-07-01,50.3000,52.9800,49.7300,52.2900,23474700,40.5770
2013-08-01,52.7300,53.2700,51.0100,51.0900,23574700,39.6459
2013-09-01,51.9000,55.2600,51.4100,53.9200,23994800,41.8419
2013-10-01,53.9200,56.7000,53.0300,56.0500,26643100,43.4948
2013-11-01,56.0100,57.1900,55.3000,56.9200,20167400,44.1699
2013-12-01,56.8700,57.6800,54.9600,57.6200,39988000,45.0839
2014-01-01,57.1900,57.4600,54.5700,54.9500,27800600,42.9948
2014-02-01,54.9700,58.0900,53.7300,57.8100,24922900,45.2326
2014-03-01,57.1600,58.4800,56.4500,58.1400,26373400,45.4908
2014-04-01,58.3000,58.9200,56.7100,58.8300,21717500,46.0307
2014-05-01,58.7800,60.0300,58.2700,60.0100,23821500,46.9539
2014-06-01,60.0500,61.2800,59.7000,60.2600,15637700,47.8076
2014-07-01,60.4300,61.1600,59.3700,59.3900,21782600,47.1174
2014-08-01,59.1400,61.0300,58.2400,60.9200,25119000,48.3313
2014-09-01,60.9900,61.3200,58.6900,58.9000,18990700,46.7287
2014-10-01,58.7200,59.6700,54.5500,59.6100,42320400,47.2920
2014-11-01,59.4200,60.8200,58.7700,60.4300,19001300,47.9425
2014-12-01,60.1300,60.5100,56.6100,58.5000,56291500,46.8122
2015-01-01,58.6600,59.2300,56.4000,57.7300,62685800,46.1960
2015-02-01,57.9400,61.2800,57.6300,60.9100,22356700,48.7407
2015-03-01,60.8800,61.3700,58.7000,60.0200,26375800,48.0285
2015-04-01,60.1200,62.9800,59.7900,61.7400,27654600,49.4049
2015-05-01,61.9500,63.0800,61.1700,61.7400,21332000,49.4049
2015-06-01,61.9400,62.4000,59.2300,59.4500,23542500,48.1311
2015-07-01,59.9500,60.9700,57.9200,59.9400,31272900,48.5277
2015-08-01,59.9200,60.2400,50.3700,55.8600,46407300,45.2246
2015-09-01,54.4100,57.1800,52.5600,53.9400,51408300,43.6701
2015-10-01,54.1900,58.6200,53.4800,58.0700,45615800,47.0138
2015-11-01,58.3400,59.0600,56.3300,57.7600,44521800,46.7628
2015-12-01,58.0600,58.3600,54.9300,55.8200,70313500,45.7781
2016-01-01,54.8300,54.9700,49.0900,52.8600,79296800,43.3506
2016-02-01,52.4400,52.9700,49.0400,52.2000,48912600,42.8093
2016-03-01,52.7100,56.5700,52.6500,56.0600,36663700,45.9749
2016-04-01,55.3600,58.0600,54.8000,56.8100,34852700,46.5900
2016-05-01,57.0400,57.3500,55.1600,57.0000,36185300,46.7458
2016-06-01,56.8200,58.2000,52.9200,56.2300,42089200,46.7226
2016-07-01,56.2200,58.4200,55.0000,58.3500,32384700,48.4841
2016-08-01,58.4000,59.5100,57.5300,58.5500,37117800,48.6503
2016-09-01,58.7100,59.7600,57.4600,59.1000,40579800,49.1073
2016-10-01,58.9700,59.2100,57.4400,57.9700,28563100,48.1684
2016-11-01,58.1400,58.9300,56.6900,58.5700,49767800,48.6669
2016-12-01,58.5900,60.7700,58.2200,59.1700,52684100,49.6219
2017-01-01,59.6100,61.4800,59.3500,60.8900,40419900,51.0644
2017-02-01,61.1300,62.9300,60.7900,62.4200,40415100,52.3475
2017-03-01,62.8300,63.8700,62.2100,63.2600,46631600,53.0519
2017-04-01,63.3100,64.5700,62.5300,64.2800,33076400,53.9073
2017-05-01,64.4400,65.9600,64.1700,65.7000,29209900,55.0982
2017-06-01,65.8700,66.7300,65.0000,65.4900,44978400,55.5319
2017-07-01,65.6700,67.5900,65.0200,67.2800,36277600,57.0497
2017-08-01,67.5400,67.7900,66.1500,67.5500,28740200,57.2787
2017-09-01,67.7300,68.9700,66.9400,68.8200,33553900,58.3555
2017-10-01,68.7700,70.3600,68.7700,70.3000,27924700,59.6105
2017-11-01,70.6300,71.8900,69.5300,71.7200,29025300,60.8146
2017-12-01,71.6100,72.7600,70.8000,72.0900,49455900,61.6966
2018-01-01,72.5100,77.5400,72.3300,76.2000,40629800,65.2140
2018-02-01,75.9600,76.4100,68.5200,72.7900,89180500,62.2957
2018-03-01,72.7100,74.7600,70.0500,71.7000,47442200,61.3628
2018-04-01,71.3900,73.5300,69.6700,71.9900,39864800,61.6110
2018-05-01,71.8900,74.1000,70.7400,72.3300,33778700,61.9020
2018-06-01,72.8200,74.3500,70.2100,71.1200,50031300,61.5397
2018-07-01,70.3400,73.9400,70.3400,73.3000,44847600,63.4260
2018-08-01,73.2700,74.7000,71.2200,73.8100,44944300,63.8673
2018-09-01,73.4000,74.9500,72.1800,74.2600,37385400,64.2567
2018-10-01,74.6300,74.7500,66.2300,68.7400,106417900,59.4803
2018-11-01,69.1500,71.3700,67.0300,69.8300,79315800,60.4235
2018-12-01,70.9800,71.0300,61.0100,64.1600,175123900,56.0669
2019-01-01,63.2800,69.4200,62.9100,69.3200,115239200,60.5760
2019-02-01,69.3100,71.7500,68.4300,71.0300,57250600,62.0703
2019-03-01,71.4900,72.8900,69.5000,72.1500,66803600,63.0490
2019-04-01,72.7600,74.6800,72.6800,74.6200,37668200,65.2074
2019-05-01,74.7000,74.8700,69.8600,70.0900,62231100,61.2488
2019-06-01,70.1800,74.0700,69.8900,73.7100,56096200,65.2241
2019-07-01,74.5000,75.0600,73.1300,73.7600,45084400,65.2684
2019-08-01,73.7300,74.4700,69.8200,72.1300,89001600,63.8260
2019-09-01,71.6500,74.9200,71.4400,73.7500,45209300,65.2596
2019-10-01,73.8200,76.0400,71.1200,75.7700,55677800,67.0470
2019-11-01,76.2100,78.0600,76.1900,77.5400,35169600,68.6132
2019-12-01,77.6400,79.9200,76.0200,79.2500,43696200,70.9748
2020-01-01,79.7700,81.3900,77.9000,78.1100,50367900,69.9539
2020-02-01,78.4600,81.7500,70.1700,72.2600,74241500,64.7147
2020-03-01,72.6200,75.9300,53.3100,62.5700,178646300,56.0365
2020-04-01,60.1200,70.0700,59.3000,68.7200,116748100,61.5444
2020-05-01,67.5600,72.8800,65.7700,72.2200,97158400,64.6789
2020-06-01,72.4600,77.3800,70.8700,73.7200,63503500,66.5808
2020-07-01,73.9500,78.6500,73.8900,77.6700,63393400,70.1483
2020-08-01,78.1900,82.8800,78.0700,82.3500,64433300,74.3751
2020-09-01,82.6100,84.1200,76.9400,79.9200,74357000,72.1804
2020-10-01,80.5300,84.0300,77.3400,78.1400,86694700,70.5728
2020-11-01,78.9400,88.4600,78.3600,87.3300,96178500,78.8728
2020-12-01,88.4000,90.9900,87.9400,90.7200,53449700,82.5698
2021-01-01,91.6000,94.3800,89.4400,90.4400,89179300,82.3150
2021-02-01,91.4900,96.9400,91.0200,92.5100,70171100,84.1990
2021-03-01,93.8400,96.2300,90.7500,95.1500,85007900,86.6018
2021-04-01,95.8500,100.4900,95.8400,99.1900,57503400,90.2789
2021-05-01,99.8300,100.9300,96.5300,100.6500,66476100,91.6077
2021-06-01,101.5700,101.6900,99.0300,101.1900,53030500,92.7628
2021-07-01,101.2800,102.9000,98.8200,102.1100,71411200,93.6062
2021-08-01,102.7000,104.5000,100.8400,104.3300,71459200,95.6413
2021-09-01,104.7000,105.4100,99.8200,99.9200,61655100,91.5986
2021-10-01,100.3900,105.8400,98.9400,105.3100,69994900,96.5397
2021-11-01,105.6400,107.4600,102.5000,102.8800,63436100,94.3120
2021-12-01,104.1500,106.5400,101.0300,105.7800,112681700,97.9788
2022-01-01,106.1200,106.7800,95.6000,100.9700,167379100,93.5235
2022-02-01,101.1900,103.2700,92.8400,97.8800,98559800,90.6614
2022-03-01,97.6000,102.0300,91.5300,99.7800,93598400,92.4213
2022-04-01,100.4900,101.4000,91.6500,91.7300,74053000,84.9650
2022-05-01,91.6900,94.9700,85.5200,92.1400,77287900,85.3447
2022-06-01,92.7800,93.3100,81.2600,83.8900,79353600,78.4259
2022-07-01,83.5000,89.8900,81.4700,89.8200,64763400,83.9696
2022-08-01,89.2300,93.0600,85.9000,85.9000,91725300,80.3050
2022-09-01,85.2100,88.9900,77.7700,77.8300,115638500,72.7606
2022-10-01,78.6600,83.4400,75.7100,82.7700,104607300,77.3788
2022-11-01,83.9800,89.6700,79.8500,89.6700,122598300,83.8294
2022-12-01,90.0900,90.3700,83.5900,84.8800,120645500,79.9648
2023-01-01,85.5100,91.8100,84.4000,91.2500,132519400,85.9660
2023-02-01,91.0200,93.2400,87.6600,88.2200,66445500,83.1114
2023-03-01,88.5300,91.2000,84.9500,91.1600,81612700,85.8812
2023-04-01,91.1300,92.9200,90.4000,92.5900,58273200,87.2284
2023-05-01,92.5600,93.3800,90.5000,91.6200,60456600,86.3146
2023-06-01,91.7700,96.8100,91.6400,95.9400,71303300,91.3073
2023-07-01,96.0200,99.5300,93.9800,99.3900,62645200,94.5906
2023-08-01,98.8300,99.0100,93.0200,96.5000,64183900,91.8402
2023-09-01,97.2400,97.3900,91.3200,92.3700,40947000,87.9096
2023-10-01,92.1500,94.1200,88.3400,90.0200,76690600,85.6731
2023-11-01,90.2300,98.3300,90.0900,98.0200,85314500,93.2868
2023-12-01,97.8300,102.2800,97.6600,101.7700,82805700,97.7765
2024-01-01,101.0100,103.6100,99.2600,102.0500,129985700,98.0455
2024-02-01,102.3900,107.1100,102.2400,106.6500,82345400,102.4650
2024-03-01,106.9200,110.3700,106.2400,110.1300,50514500,105.8085
2024-04-01,110.2400,110.4500,104.2900,106.2200,61148400,102.0519
2024-05-01,106.2200,112.4900,105.8000,111.0800,46769100,106.7212
2024-06-01,111.5800,113.3200,110.3200,112.4000,63920700,108.8960
2024-07-01,112.8100,116.8100,111.1200,114.1300,59144200,110.5721
2024-08-01,113.9800,117.1300,105.3100,116.9800,63472800,113.3332
2024-09-01,116.1600,120.2400,112.0700,119.5500,37452000,115.8231
2024-10-01,119.4500,120.9300,116.9900,117.0500,46638000,113.4010
2024-11-01,117.7300,121.9200,117.2000,121.7700,39103300,117.9739
2024-12-01,121.9000,123.5800,116.3600,117.5000,70633700,114.8379
2025-01-01,118.0100,122.7900,115.0500,121.1900,66925000,118.4443
2025-02-01,119.3800,124.1500,118.9000,120.8300,41608800,118.0924
2025-03-01,121.8000,121.9600,114.2600,116.3900,58413200,113.7530
2025-04-01,116.1300,117.8600,101.2500,116.9900,103730200,114.3394
2025-05-01,117.9700,124.5400,117.3500,123.6500,64431500,120.8485
2025-06-01,123.6600,128.8100,123.0700,128.6000,62881500,126.6571
2025-07-01,128.1900,131.9600,128.0900,129.9600,58520300,127.9966
2025-08-01,129.1300,134.3900,127.7700,133.4400,67383800,131.4240
2025-09-01,131.9300,139.2900,131.5200,138.2400,59734700,136.1515
2025-10-01,138.1100,143.0500,135.7000,141.4100,65849900,139.2736
2025-11-01,142.1200,142.4800,135.2300,141.4700,76310400,139.3327
2025-12-01,140.5500,143.2400,138.5100,141.4900,77945400,140.5767
2026-01-01,142.7700,147.4300,141.4900,145.5000,84125900,144.5608
2026-02-01,145.1300,148.7500,142.9200,147.3800,119376200,146.4287
2026-03-01,145.1400,147.0600,133.6500,138.3700,164501500,137.4768
2026-04-01,139.5400,151.6700,137.0700,151.5400,82546100,150.5618
2026-05-01,151.7000,159.0500,150.1800,158.5400,64482500,157.5166
2026-06-01,158.6000,160.0300,151.6300,156.9700,74256900,156.9700
2026-07-01,156.1700,158.1200,151.4200,156.4300,67040500,156.4300
2026-08-01,156.6400,162.8000,156.5100,160.6800,44031200,160.6800
2026-09-01,159.8800,162.4600,156.6800,162.2000,25912000,162.2000
2026-09-22,162.0400,162.4600,161.5850,162.2000,2786661,162.2000
